Date,Clones,Views
2025-02-24,1,1
2025-02-25,0,2
2025-02-26,2,9
2025-02-27,0,2
2025-02-28,1,0
2025-03-02,1,3
2025-03-03,0,5
2025-03-04,1,20
2025-03-05,0,4
2025-03-06,3,29
2025-03-07,1,10
2025-03-08,21,119
2025-03-09,2,6
2025-03-10,8,5
2025-03-11,0,1
2025-03-12,1,4
2025-03-13,0,18
2025-03-14,34,95
2025-03-15,2,2
2025-03-16,4,0
2025-03-17,2,28
2025-03-18,3,16
2025-03-19,4,5
2025-03-20,3,2
2025-03-21,5,30
2025-03-22,6,57
2025-03-23,5,3
2025-03-24,4,89
2025-03-25,3,4
2025-03-26,6,44
2025-03-27,0,8
2025-03-28,3,3
2025-03-29,2,1
2025-03-30,5,0
2025-03-31,1,2
2025-04-01,7,0
2025-04-02,0,4
2025-04-03,5,1
2025-04-04,5,3
2025-04-05,4,1
2025-04-06,2,0
2025-04-07,4,3
2025-04-08,1,0
2025-04-09,4,0
2025-04-10,1,2
2025-04-11,1,0
2025-04-12,1,2
2025-04-13,3,2
2025-04-14,6,0
2025-04-15,3,1
2025-04-16,4,0
2025-04-17,0,1
2025-04-18,3,0
2025-04-19,1,0
2025-04-20,3,0
2025-04-21,5,0
2025-04-22,3,0
2025-04-23,2,0
2025-04-24,3,0
2025-04-25,1,0
2025-04-26,3,1
2025-04-27,1,1
2025-04-28,3,0
2025-04-29,2,1
2025-04-30,7,3
2025-05-01,3,0
2025-05-02,4,1
2025-05-03,1,1
2025-05-04,6,1
2025-05-05,5,0
2025-05-06,4,0
2025-05-07,3,0
2025-05-08,4,17
2025-05-09,1,2
2025-05-10,5,1
2025-05-11,4,1
2025-05-12,3,5
2025-05-13,3,3
2025-05-14,8,1
2025-05-15,2,2
2025-05-16,6,0
2025-05-17,2,1
2025-05-18,3,0
2025-05-19,2,7
2025-05-20,3,1
2025-05-21,2,1
2025-05-22,1,0
2025-05-23,6,6
2025-05-24,1,2
2025-05-25,1,0
2025-05-26,1,0
2025-05-27,1,0
2025-05-28,0,4
2025-05-29,4,0
2025-05-30,1,0
2025-05-31,4,0
2025-06-01,0,1
2025-06-02,5,5
2025-06-03,3,2
2025-06-04,4,1
2025-06-05,0,1
2025-06-06,3,0
2025-06-07,3,0
2025-06-08,4,0
2025-06-09,1,0
2025-06-10,3,0
2025-06-11,1,0
2025-06-12,3,0
2025-06-13,1,12
2025-06-14,7,0
2025-06-15,1,0
2025-06-16,5,1
2025-06-17,1,1
2025-06-18,0,1
2025-06-19,2,5
2025-06-20,0,1
2025-06-21,5,0
2025-06-22,5,0
2025-06-23,6,10
2025-06-24,2,0
2025-06-25,4,0
2025-06-26,3,0
2025-06-27,2,1
2025-06-28,4,0
2025-06-29,2,0
2025-06-30,4,5
2025-07-01,5,4
2025-07-02,6,0
2025-07-03,7,1
2025-07-04,2,0
2025-07-05,10,1
2025-07-06,10,4
2025-07-07,6,1
2025-07-08,4,2
2025-07-09,2,0
2025-07-10,6,3
2025-07-11,2,2
2025-07-12,8,0
2025-07-13,6,2
